{
  "project_info": {
    "project_number": "123486265973",
    "firebase_url": "https://musiclist-8fb31.firebaseio.com",
    "project_id": "musiclist-8fb31",
    "storage_bucket": "musiclist-8fb31.appspot.com"
  },
  "client": [
    {
      "client_info": {
        "mobilesdk_app_id": "1:123486265973:android:97af87d22124be62",
        "android_client_info": {
          "package_name": "org.wit.musiclist"
        }
      },
      "oauth_client": [
        {
          "client_id": "123486265973-7qmf13mudmda1get8k846pb7a377on2f.apps.googleusercontent.com",
          "client_type": 3,
          "android_info": {
            "package_name": "org.wit.musiclist",
            "certificate_hash": "281fb4d28cf5c7474e52aba7ec50c194140c2b43"
          }
        },
        {
          "client_id": "123486265973-c87l7ohnld840thfb3cbl8rlp0oui0st.apps.googleusercontent.com",
          "client_type": 3
        }
      ],
      "api_key": [
        {
          "current_key": "AIzaSyAnD_1FLPZQLLi1ijFYpUTH29h8LvG-5IE"
        }
      ],
      "services": {
        "appinvite_service": {
          "other_platform_oauth_client": [
            {
              "client_id": "123486265973-c87l7ohnld840thfb3cbl8rlp0oui0st.apps.googleusercontent.com",
              "client_type": 3
            }
          ]
        }
      }
    }
  ],
  "configuration_version": "1"
}